{
	"description": "项目配置文件",
	"miniprogramRoot": "miniprogram/",
	"setting": {
		"urlCheck": true,
		"es6": true,
		"postcss": true,
		"minified": true,
		"newFeature": true,
		"enhance": true
	},
	"appid": "wxfdbdf9572f3ae678",
	"projectname": "%E9%A3%9F%E7%9F%A5%E9%81%93",
	"libVersion": "2.8.1",
	"simulatorType": "wechat",
	"simulatorPluginLibVersion": {},
	"condition": {
		"search": {
			"current": -1,
			"list": []
		},
		"conversation": {
			"current": -1,
			"list": []
		},
		"plugin": {
			"current": -1,
			"list": []
		},
		"game": {
			"list": []
		},
		"gamePlugin": {
			"current": -1,
			"list": []
		},
		"miniprogram": {
			"current": -1,
			"list": [
				{
					"id": -1,
					"name": "Calories",
					"pathName": "pages/statistics/pages/Calories/Calories",
					"query": "",
					"scene": null
				}
			]
		}
	}
}